STATION,year,month,probability,pred_default,pred_best,observed
USW00003017,2021,5,0.17373595137560824,0,0,0
USW00003017,2021,6,0.5833822652809221,1,1,0
USW00003017,2021,7,0.7664556155497672,1,1,0
USW00003017,2021,8,0.5249863830000836,1,1,1
USW00003017,2021,9,0.7173786430702445,1,1,0
USW00003017,2022,5,0.31640757475172077,0,0,0
USW00003017,2022,6,0.6470580091495748,1,1,0
USW00003017,2022,7,0.6485416885882105,1,1,0
USW00003017,2022,8,0.3857460273117538,0,0,1
USW00003017,2022,9,0.46618891659288025,0,0,0
USW00003017,2023,5,0.18311721348225818,0,0,0
USW00003017,2023,6,0.09292512142015828,0,0,0
USW00003017,2023,7,0.3525903203452021,0,0,0
USW00003017,2023,8,0.47923746048177723,0,0,0
USW00003017,2023,9,0.44440299288532886,0,0,0
USW00003017,2024,5,0.4385651107518235,0,0,1
USW00003017,2024,6,0.9122647670861903,1,1,0
USW00003017,2024,7,0.5788048751874058,1,1,0
USW00003017,2024,8,0.6127190328094244,1,1,1
USW00003017,2024,9,0.6167815686335945,1,1,1
USW00012839,2021,5,0.8199109184045332,1,1,0
USW00012839,2021,6,0.2615199458295605,0,0,0
USW00012839,2021,7,0.35816425278445413,0,0,0
USW00012839,2021,8,0.4802573125422469,0,0,0
USW00012839,2021,9,0.3222470831768417,0,0,0
USW00012839,2022,5,0.5165850919754166,1,0,0
USW00012839,2022,6,0.519436086555756,1,0,0
USW00012839,2022,7,0.5363071838436592,1,1,1
USW00012839,2022,8,0.526191570977844,1,1,0
USW00012839,2022,9,0.33674097505680783,0,0,0
USW00012839,2023,5,0.5983318068811369,1,1,0
USW00012839,2023,6,0.683200748501429,1,1,1
USW00012839,2023,7,0.32734531866922256,0,0,1
USW00012839,2023,8,0.46929142727232137,0,0,0
USW00012839,2023,9,0.68362693262804,1,1,0
USW00012839,2024,5,0.6589093058598691,1,1,0
USW00012839,2024,6,0.3588789299608133,0,0,1
USW00012839,2024,7,0.6046386310464554,1,1,0
USW00012839,2024,8,0.4359114754779327,0,0,1
USW00012839,2024,9,0.4701661949099011,0,0,0
USW00023183,2021,5,0.6561176558975054,1,1,1
USW00023183,2021,6,0.7273813172537381,1,1,0
USW00023183,2021,7,0.18664057671214554,0,0,0
USW00023183,2021,8,0.18670019546095035,0,0,0
USW00023183,2021,9,0.40864639004943776,0,0,0
USW00023183,2022,5,0.7387980769155246,1,1,0
USW00023183,2022,6,0.7046980322221643,1,1,0
USW00023183,2022,7,0.6876178807940719,1,1,0
USW00023183,2022,8,0.34140678899275195,0,0,0
USW00023183,2022,9,0.5231035847542328,1,0,0
USW00023183,2023,5,0.6022043144318205,1,1,0
USW00023183,2023,6,0.3933572046839753,0,0,1
USW00023183,2023,7,0.8328036238692278,1,1,1
USW00023183,2023,8,0.7836952894523168,1,1,0
USW00023183,2023,9,0.5692602268054133,1,1,1
USW00023183,2024,5,0.7289723951990186,1,1,1
USW00023183,2024,6,0.8413457875419079,1,1,1
USW00023183,2024,7,0.6570407477044291,1,1,1
USW00023183,2024,8,0.6295429803242448,1,1,1
USW00023183,2024,9,0.7809877541201966,1,1,1
USW00024233,2021,5,0.5267460435971618,1,1,1
USW00024233,2021,6,0.5471530564645642,1,1,0
USW00024233,2021,7,0.7301939965680201,1,1,0
USW00024233,2021,8,0.4958391084788672,0,0,0
USW00024233,2021,9,0.12907565036641533,0,0,0
USW00024233,2022,5,0.14724809843724665,0,0,0
USW00024233,2022,6,0.20535670085954527,0,0,0
USW00024233,2022,7,0.6765932357479972,1,1,1
USW00024233,2022,8,0.6680275426665218,1,1,0
USW00024233,2022,9,0.6372225527660627,1,1,1
USW00024233,2023,5,0.8020751448661922,1,1,0
USW00024233,2023,6,0.3657455198578054,0,0,0
USW00024233,2023,7,0.5345412999415914,1,1,1
USW00024233,2023,8,0.5967343867519961,1,1,0
USW00024233,2023,9,0.11349987052452312,0,0,0
USW00024233,2024,5,0.32255136905710724,0,0,0
USW00024233,2024,6,0.3706040339847332,0,0,1
USW00024233,2024,7,0.6854558098642516,1,1,0
USW00024233,2024,8,0.21508180622434797,0,0,0
USW00024233,2024,9,0.4367664244390755,0,0,0
USW00093134,2021,5,0.5480878985451139,1,1,0
USW00093134,2021,6,0.40195533618418233,0,0,0
USW00093134,2021,7,0.5420332960000176,1,1,0
USW00093134,2021,8,0.34909098791555965,0,0,0
USW00093134,2021,9,0.2751694363967061,0,0,0
USW00093134,2022,5,0.5912327122647898,1,1,0
USW00093134,2022,6,0.31843413555080063,0,0,0
USW00093134,2022,7,0.3017790304787997,0,0,0
USW00093134,2022,8,0.38192848290733256,0,0,1
USW00093134,2022,9,0.6058026974617836,1,1,0
USW00093134,2023,5,0.3882521810535977,0,0,0
USW00093134,2023,6,0.22178624085678944,0,0,0
USW00093134,2023,7,0.5228091498076713,1,0,0
USW00093134,2023,8,0.45862189469702275,0,0,0
USW00093134,2023,9,0.3271154762054721,0,0,0
USW00093134,2024,5,0.3453637601382022,0,0,0
USW00093134,2024,6,0.540288029454599,1,1,0
USW00093134,2024,7,0.5232749654426381,1,0,0
USW00093134,2024,8,0.4586039355016941,0,0,0
USW00093134,2024,9,0.44511653523852374,0,0,0
USW00094789,2021,5,0.3261818247675932,0,0,0
USW00094789,2021,6,0.5987754672001634,1,1,0
USW00094789,2021,7,0.2770232569882168,0,0,0
USW00094789,2021,8,0.27282513446795487,0,0,1
USW00094789,2021,9,0.5728253668471179,1,1,1
USW00094789,2022,5,0.36704385390391564,0,0,0
USW00094789,2022,6,0.44713752209371305,0,0,0
USW00094789,2022,7,0.7532536364005035,1,1,0
USW00094789,2022,8,0.7621244373122235,1,1,0
USW00094789,2022,9,0.44535131288658003,0,0,0
USW00094789,2023,5,0.6511016242230082,1,1,0
USW00094789,2023,6,0.49481389873877424,0,0,0
USW00094789,2023,7,0.292803355580414,0,0,0
USW00094789,2023,8,0.3094690034705099,0,0,0
USW00094789,2023,9,0.24779586451708396,0,0,0
USW00094789,2024,5,0.6044506767564759,1,1,1
USW00094789,2024,6,0.4677968353605332,0,0,0
USW00094789,2024,7,0.6704890333823204,1,1,0
USW00094789,2024,8,0.4210001443693081,0,0,0
USW00094789,2024,9,0.7829155096534178,1,1,1
USW00094846,2021,5,0.6557209992220716,1,1,1
USW00094846,2021,6,0.43183563575719996,0,0,0
USW00094846,2021,7,0.5551973357312586,1,1,1
USW00094846,2021,8,0.29035999704826604,0,0,1
USW00094846,2021,9,0.7525236867348224,1,1,1
USW00094846,2022,5,0.5758136528869282,1,1,0
USW00094846,2022,6,0.6977210538876198,1,1,0
USW00094846,2022,7,0.2614397915648552,0,0,0
USW00094846,2022,8,0.530388744679415,1,1,0
USW00094846,2022,9,0.4626211052250207,0,0,0
USW00094846,2023,5,0.7922001682145512,1,1,0
USW00094846,2023,6,0.39475773958261945,0,0,0
USW00094846,2023,7,0.3778225462452978,0,0,0
USW00094846,2023,8,0.7681723835961075,1,1,0
USW00094846,2023,9,0.47006349361282374,0,0,1
USW00094846,2024,5,0.6613640801528762,1,1,1
USW00094846,2024,6,0.7207701961009821,1,1,0
USW00094846,2024,7,0.38226741830285,0,0,0
USW00094846,2024,8,0.6261822398271306,1,1,1
USW00094846,2024,9,0.8092292142899652,1,1,1
