STATION,year,month,TMEAN_next,TMAX_next,TMIN_next,PRCP_next,model_used
USW00003017,2021,1,33.59750946819215,46.96122768684784,20.235643704645362,0.3238894045215331,RandomForestRegressor
USW00003017,2021,2,40.15199283154125,53.38934050179203,27.073853046595044,1.063911230863847,RandomForestRegressor
USW00003017,2021,3,48.81656093189963,61.3026200716846,36.00348745519715,1.6651437614445397,RandomForestRegressor
USW00003017,2021,4,57.19837992831542,70.18758422939065,44.059448028673884,2.1505700591575474,RandomForestRegressor
USW00003017,2021,5,67.19851260659996,79.92662649857863,54.26196415770605,2.3005258075848616,RandomForestRegressor
USW00003017,2021,6,74.67099641577063,89.67748745519711,60.23031182795695,1.4254221903338897,RandomForestRegressor
USW00003017,2021,7,73.05400358422936,87.86533333333321,58.6529964157705,1.2970215586921534,RandomForestRegressor
USW00003017,2021,8,65.385,80.10828673835114,50.86286379928315,0.9443982602239472,RandomForestRegressor
USW00003017,2021,9,52.27823118279579,66.11526164874562,38.461587813620085,1.0382150234076324,RandomForestRegressor
USW00003017,2021,10,41.15744982078855,54.73226164874563,27.42252329749105,0.5274499030485506,RandomForestRegressor
USW00003017,2021,11,33.35984390063031,46.210491489662246,20.321006312128127,0.5140345308322715,RandomForestRegressor
USW00003017,2021,12,32.10955873369,45.11128732983737,19.174369184455376,0.40281720351924866,RandomForestRegressor
USW00003017,2022,1,31.553021015413904,44.83877535886442,18.43842165898619,0.38546457469389633,RandomForestRegressor
USW00003017,2022,2,42.0928996415771,55.788329749103866,28.461017921146993,0.9301187503583795,RandomForestRegressor
USW00003017,2022,3,48.29059498207884,62.01807168458786,34.21133691756275,1.1833992891043543,RandomForestRegressor
USW00003017,2022,4,55.42338709677419,69.24547670250898,41.91135842293901,2.0773805401158523,RandomForestRegressor
USW00003017,2022,5,69.17308243727597,84.3202974910395,53.59455555555559,1.2552692136482815,RandomForestRegressor
USW00003017,2022,6,75.62629032258069,90.87362007168467,60.942258064516075,1.2826428805667305,RandomForestRegressor
USW00003017,2022,7,72.7534659498208,87.67258422939065,58.19062724014332,1.1715322922603506,RandomForestRegressor
USW00003017,2022,8,64.39100179211474,78.19566308243724,50.55755197132619,0.9327921542439783,RandomForestRegressor
USW00003017,2022,9,52.52726702508968,66.30566308243736,38.715107526881745,0.8776390171248454,RandomForestRegressor
USW00003017,2022,10,39.880688172043065,52.927949820788676,26.681688172042985,0.6271002454034857,RandomForestRegressor
USW00003017,2022,11,33.52871705333966,46.82607763476174,20.186572117167234,0.25073007847963114,RandomForestRegressor
USW00003017,2022,12,31.505329960979545,44.33732406377459,18.842546259512325,0.4517174279961917,RandomForestRegressor
USW00003017,2023,1,26.561036071825882,35.49982295142752,17.331402086974972,1.3694396474273105,RandomForestRegressor
USW00003017,2023,2,40.838370747038226,52.989409608559775,28.67238283277717,1.0259203711519442,RandomForestRegressor
USW00003017,2023,3,48.64067562724009,61.80483870967746,35.20726164874551,1.4893884151820016,RandomForestRegressor
USW00003017,2023,4,56.68714343097275,70.0905273760968,43.482275614880734,2.1962392259503836,RandomForestRegressor
USW00003017,2023,5,67.3609318996415,80.9021433691756,53.47497849462353,1.7634493577657657,RandomForestRegressor
USW00003017,2023,6,71.91623156682027,82.8890192012288,60.76489426523285,2.0233924299045762,RandomForestRegressor
USW00003017,2023,7,71.54922401433686,85.62396774193536,57.946397849462386,1.8046907238925003,RandomForestRegressor
USW00003017,2023,8,65.63498028673841,80.20465232974917,51.06396057347673,0.7321109210788356,RandomForestRegressor
USW00003017,2023,9,49.21139426523295,62.28910035842296,35.768720430107514,0.955820729051261,RandomForestRegressor
USW00003017,2023,10,40.12900000000002,53.4344874551972,26.720408602150503,0.6245938002678446,RandomForestRegressor
USW00003017,2023,11,32.171406192065234,44.59735209315466,19.56289731094514,0.5245946002787311,RandomForestRegressor
USW00003017,2023,12,33.020526709571456,46.122524100852786,19.820049525928294,0.2955841017680756,RandomForestRegressor
USW00003017,2024,1,32.338811245298956,45.43157092536684,19.267716775252936,0.39325140448432316,RandomForestRegressor
USW00003017,2024,2,43.13498028673842,57.14764157706091,29.15774193548387,0.7663825122853625,RandomForestRegressor
USW00003017,2024,3,48.220976702508906,61.63463440860219,34.44597491039426,1.5133195283742402,RandomForestRegressor
USW00003017,2024,4,57.89617383512548,69.93989400921654,45.9519027137737,2.6452727234561606,RandomForestRegressor
USW00003017,2024,5,68.80189541730672,83.27979825908861,53.96100691244243,1.6110090791085998,RandomForestRegressor
USW00003017,2024,6,75.0827831541219,90.2267741935485,60.60844444444438,1.2789243943726454,RandomForestRegressor
USW00003017,2024,7,73.15873476702502,88.3636129032256,58.44511827956983,1.0467304291918225,RandomForestRegressor
USW00003017,2024,8,65.41328136200725,80.27668817204295,50.75481003584229,0.6951132452199841,RandomForestRegressor
USW00003017,2024,9,53.237068100358535,66.43050537634416,39.99232974910397,0.9911693264811366,RandomForestRegressor
USW00003017,2024,10,44.784231182795715,57.214501792114646,32.08117921146957,0.8254280541060118,RandomForestRegressor
USW00003017,2024,11,31.012246640888485,43.38059939615445,18.62761419213591,0.4128230705830749,RandomForestRegressor
USW00012839,2021,1,71.54455040432937,79.03025885022151,64.17776267281093,1.3731285947120995,RandomForestRegressor
USW00012839,2021,2,72.88840665112915,80.64301389551002,65.51052857672539,1.9506997133229427,RandomForestRegressor
USW00012839,2021,3,76.41548847926262,83.70196082949303,69.3339372759857,2.8908325214526815,RandomForestRegressor
USW00012839,2021,4,81.2297329749104,87.89302867383505,74.80110394265235,7.632201164451798,RandomForestRegressor
USW00012839,2021,5,82.10644982078843,89.09462724014325,75.84551971326147,9.172677795981226,RandomForestRegressor
USW00012839,2021,6,83.76255555555561,90.46825448028667,77.33868817204304,7.957905624355653,RandomForestRegressor
USW00012839,2021,7,83.81485125448016,90.46361648745511,77.36308243727609,9.787614924022572,RandomForestRegressor
USW00012839,2021,8,82.59036379928325,88.92364516129025,76.67626881720432,10.122884183779476,RandomForestRegressor
USW00012839,2021,9,79.91370430107533,86.04076702508951,74.05595698924728,5.997603646676017,RandomForestRegressor
USW00012839,2021,10,76.27571684587812,82.76046953405034,69.99170609319003,3.7592095559304237,RandomForestRegressor
USW00012839,2021,11,70.4598962868795,77.60069320408915,63.36700957854409,2.0066029734493913,RandomForestRegressor
USW00012839,2021,12,70.48179908893484,77.85927773363692,63.10298057806734,1.5029424158426412,RandomForestRegressor
USW00012839,2022,1,70.02022248265278,77.7370927220722,62.439337535533305,1.5930439968633954,RandomForestRegressor
USW00012839,2022,2,74.44567942334506,82.04937177993183,67.2188017197239,2.3985321638908714,RandomForestRegressor
USW00012839,2022,3,77.91180645161288,84.92968817204294,71.29597132616493,3.0260289670087315,RandomForestRegressor
USW00012839,2022,4,81.03823297491031,87.9010573476703,74.73326881720419,5.508348062901071,RandomForestRegressor
USW00012839,2022,5,83.01298207885304,89.75100000000013,76.65297491039418,9.271911134154266,RandomForestRegressor
USW00012839,2022,6,83.42934946236564,90.3221899641577,77.19851254480288,8.277451609926423,RandomForestRegressor
USW00012839,2022,7,83.98888351254479,90.7956021505377,77.68890322580648,9.847210166390964,RandomForestRegressor
USW00012839,2022,8,82.93375268817218,89.37707168458763,76.92976702508965,9.610242197895138,RandomForestRegressor
USW00012839,2022,9,80.63497670250898,86.5734516129032,74.98520430107521,6.345701297305694,RandomForestRegressor
USW00012839,2022,10,75.16473476702515,81.7898207885305,68.71116129032256,2.862449565665045,RandomForestRegressor
USW00012839,2022,11,72.89711111111114,79.84997260624687,66.23937019969289,2.5294535921307033,RandomForestRegressor
USW00012839,2022,12,69.84785194307612,77.237982370182,62.4442764976959,1.3788393742057177,RandomForestRegressor
USW00012839,2023,1,71.16231759715373,79.12799105708278,63.57216066352379,1.58846600634737,RandomForestRegressor
USW00012839,2023,2,73.22070397001967,80.84915014036751,65.83368342249766,2.118668797177072,RandomForestRegressor
USW00012839,2023,3,78.3185037696205,85.36529452478064,71.65665925101963,4.274585283901682,RandomForestRegressor
USW00012839,2023,4,81.21399820788527,88.08778494623661,74.90350896057339,7.0141425200088126,RandomForestRegressor
USW00012839,2023,5,83.16968100358419,89.90240860215056,76.79205017921149,8.413692218281339,RandomForestRegressor
USW00012839,2023,6,83.65312365591403,90.58801792114704,77.34120788530467,8.391693201350924,RandomForestRegressor
USW00012839,2023,7,84.36499641577052,91.13935483870961,78.03578494623672,7.908318076339154,RandomForestRegressor
USW00012839,2023,8,83.19567025089613,89.5022652329748,77.25245878136194,9.339247109776148,RandomForestRegressor
USW00012839,2023,9,80.22919713261649,86.35800716845881,74.46958422939065,5.877688946314209,RandomForestRegressor
USW00012839,2023,10,76.21776702508957,82.64621505376367,70.0133978494624,4.152560222535791,RandomForestRegressor
USW00012839,2023,11,71.57500998463907,78.8727053251408,64.5039831029187,1.9965230028358782,RandomForestRegressor
USW00012839,2023,12,68.66618637992836,76.25993850309858,60.977267616575844,1.2416942660810564,RandomForestRegressor
USW00012839,2024,1,70.01298045005917,77.8353757349436,62.30553715768844,1.5933897060849862,RandomForestRegressor
USW00012839,2024,2,73.40821010558467,80.98427086533535,66.23176020092868,1.4333258239953452,RandomForestRegressor
USW00012839,2024,3,77.06789247311828,84.11071684587817,70.23242293906803,3.1837208555968406,RandomForestRegressor
USW00012839,2024,4,80.17050179211468,87.06699999999994,73.48786738351248,5.08694929130411,RandomForestRegressor
USW00012839,2024,5,83.38989605734767,90.33131899641577,77.0359247311827,8.392333636628507,RandomForestRegressor
USW00012839,2024,6,84.09643727598565,90.66956989247302,77.85604659498205,7.992715389023868,RandomForestRegressor
USW00012839,2024,7,84.8816666666669,91.72998924731186,78.56044444444468,9.395619854430832,RandomForestRegressor
USW00012839,2024,8,83.24741935483874,89.83069892473101,77.28249820788523,7.472597523433568,RandomForestRegressor
USW00012839,2024,9,80.98190501792112,87.02841577060943,75.33152688172042,5.250460399731646,RandomForestRegressor
USW00012839,2024,10,75.66432616487454,82.10615412186384,69.3714982078853,2.9710381409018414,RandomForestRegressor
USW00012839,2024,11,71.11284946236559,78.30454121863806,63.99074551971327,1.9202166243260057,RandomForestRegressor
USW00023183,2021,1,58.52454267969711,69.84823255998721,47.35209703903806,0.7909950575611642,RandomForestRegressor
USW00023183,2021,2,65.50987250384014,77.64345545314912,53.25470737327192,0.5107970900074801,RandomForestRegressor
USW00023183,2021,3,71.1556810035843,83.46205017921137,58.83355197132616,0.4756191869190046,RandomForestRegressor
USW00023183,2021,4,82.79341039426531,95.13310752688155,69.75766666666676,0.09600759842499695,RandomForestRegressor
USW00023183,2021,5,93.74001612903227,106.12179569892486,80.40797849462376,0.1285289607394565,RandomForestRegressor
USW00023183,2021,6,96.2810752688172,107.03537634408609,85.37698924731171,0.6694202956391818,RandomForestRegressor
USW00023183,2021,7,94.58288530465943,105.50653405017911,83.58832616487464,0.7885334958155548,RandomForestRegressor
USW00023183,2021,8,87.67563082437285,98.70976344086016,76.35848387096785,0.621784069057547,RandomForestRegressor
USW00023183,2021,9,75.15515053763457,85.75695340501804,64.45762007168467,1.4650342170023136,RandomForestRegressor
USW00023183,2021,10,66.36011827956995,77.59833691756262,55.18812186379927,0.5505837922848418,RandomForestRegressor
USW00023183,2021,11,57.862685867895635,68.91119918074764,46.94257731694825,0.5703831131014887,RandomForestRegressor
USW00023183,2021,12,58.123252979501046,68.79118980525097,47.754223670039025,0.9220132767955176,RandomForestRegressor
USW00023183,2022,1,59.39539799512695,70.55800452884155,48.154777663011835,0.8319442523401303,RandomForestRegressor
USW00023183,2022,2,65.84940153521545,77.7952151508731,53.81679395977902,0.5927034537513446,RandomForestRegressor
USW00023183,2022,3,73.27591731553585,85.56543480410326,61.043116549252225,0.2464488650355993,RandomForestRegressor
USW00023183,2022,4,82.58291397849474,94.8875949820787,69.5910430107527,0.16426736042893317,RandomForestRegressor
USW00023183,2022,5,93.52100179211473,105.92226164874573,80.22054480286738,0.08955154821796464,RandomForestRegressor
USW00023183,2022,6,95.10961648745518,105.9236559139784,84.25713261648735,0.7655581421829109,RandomForestRegressor
USW00023183,2022,7,93.76190860215058,104.43127598566304,82.85985304659505,0.7961529119029124,RandomForestRegressor
USW00023183,2022,8,90.00389784946228,101.08471326164891,78.67444086021519,0.418063046805892,RandomForestRegressor
USW00023183,2022,9,75.48061827956998,86.07816845878146,64.85072401433693,1.4996186908797453,RandomForestRegressor
USW00023183,2022,10,65.35202348288225,76.3490364602644,54.35423631195162,0.38655249654401497,RandomForestRegressor
USW00023183,2022,11,56.860381190741016,67.92049814608822,45.88207003372351,0.4892766400288781,RandomForestRegressor
USW00023183,2022,12,58.22461617405583,68.96962021293498,47.50659674770914,0.9218338487561991,RandomForestRegressor
USW00023183,2023,1,59.02703464166539,69.88115497819452,48.19574123805994,0.8296596301820766,RandomForestRegressor
USW00023183,2023,2,66.66933377915485,78.88874512244642,54.30982386955528,0.6034819360039652,RandomForestRegressor
USW00023183,2023,3,69.17100204813113,80.79534715821794,57.38057450076803,0.32652249424783136,RandomForestRegressor
USW00023183,2023,4,81.90304659498227,94.47512186379919,68.62686021505368,0.12013118209292437,RandomForestRegressor
USW00023183,2023,5,92.52851433691758,105.03669534050191,79.278494623656,0.10337202109634512,RandomForestRegressor
USW00023183,2023,6,95.66437455197138,106.55827598566324,84.46227240143365,0.7802835854291919,RandomForestRegressor
USW00023183,2023,7,95.95572043010768,106.76816487455206,84.9379964157705,0.752925880250028,RandomForestRegressor
USW00023183,2023,8,91.0467741935483,102.31920788530451,79.67873835125468,0.3901004372586192,RandomForestRegressor
USW00023183,2023,9,81.24522580645156,93.20032258064535,69.15373476702494,0.2999922784803583,RandomForestRegressor
USW00023183,2023,10,69.89648028673838,81.27889964157707,58.45684587813618,0.36293384841470555,RandomForestRegressor
USW00023183,2023,11,55.55946274961598,66.052516641065,45.09491781874032,0.7206913886659451,RandomForestRegressor
USW00023183,2023,12,57.20166143598713,68.18342216219071,46.327344765789164,0.6388829480572825,RandomForestRegressor
USW00023183,2024,1,58.59975843088448,69.8773487119727,47.32758633931882,0.6858493123496071,RandomForestRegressor
USW00023183,2024,2,65.81155152109044,77.56526065116451,53.948512544802924,0.433308512520717,RandomForestRegressor
USW00023183,2024,3,70.20944675742008,81.71999394388816,58.477591203630155,0.518298780907909,RandomForestRegressor
USW00023183,2024,4,82.8014623655914,95.08106093189951,69.95751971326168,0.12847754848862436,RandomForestRegressor
USW00023183,2024,5,92.27813620071679,104.73605734767023,79.24596415770615,0.11083300613375155,RandomForestRegressor
USW00023183,2024,6,95.32095161290329,106.1648853046594,84.28251612903215,0.743991909396765,RandomForestRegressor
USW00023183,2024,7,92.87443906810039,104.11858064516116,81.33762365591407,0.5007868581435416,RandomForestRegressor
USW00023183,2024,8,90.32994444444448,101.78611469534034,78.68490681003608,0.32797218656198046,RandomForestRegressor
USW00023183,2024,9,80.9604569892473,92.89041935483883,68.9003189964157,0.27087677323517606,RandomForestRegressor
USW00023183,2024,10,73.21732078853061,83.93177777777788,62.530060931899655,0.8893436163957502,RandomForestRegressor
USW00023183,2024,11,56.548011136712766,67.47202304147461,45.7556518177163,0.5666714738815057,RandomForestRegressor
USW00024233,2021,1,41.97944389268499,47.493795354626826,36.44442144711054,4.278879740664048,RandomForestRegressor
USW00024233,2021,2,45.651494208732885,52.419492990447964,39.12155862775211,3.6994823067508285,RandomForestRegressor
USW00024233,2021,3,50.27905555555553,58.16064516129022,42.512577060931925,2.7146161082571063,RandomForestRegressor
USW00024233,2021,4,57.55069892473122,66.19681003584223,49.2012293906811,2.0856412377415614,RandomForestRegressor
USW00024233,2021,5,61.5750719317761,70.5740665201194,52.564984665501406,1.6066710548807344,RandomForestRegressor
USW00024233,2021,6,69.99355612055723,80.11289402687295,60.0672330896763,1.0568587388235546,RandomForestRegressor
USW00024233,2021,7,67.54259139784943,78.13624372759858,57.69558064516131,0.7036210044725837,RandomForestRegressor
USW00024233,2021,8,62.31162186379919,71.55589247311843,53.280906810035944,1.2245185079656693,RandomForestRegressor
USW00024233,2021,9,52.997745519713206,59.77782078853044,46.49149820788534,3.7886489770568477,RandomForestRegressor
USW00024233,2021,10,46.13694086021505,51.77862724014346,40.502383512544824,5.412003369881786,RandomForestRegressor
USW00024233,2021,11,40.152583461341486,45.03770046082944,35.141147209421476,4.7568446250716985,RandomForestRegressor
USW00024233,2021,12,40.84378317177815,46.09153093384185,35.63194554796334,4.65505316991186,RandomForestRegressor
USW00024233,2022,1,43.1106611843847,48.741397584617815,37.40556663488531,3.5635674007236884,RandomForestRegressor
USW00024233,2022,2,44.980840003001646,51.33461872097746,38.65525306778254,4.159252319890312,RandomForestRegressor
USW00024233,2022,3,50.23335663082437,57.89820788530458,42.587118279569985,2.421453907457992,RandomForestRegressor
USW00024233,2022,4,56.290181003584344,65.05602508960575,47.54295698924734,2.1376863010210094,RandomForestRegressor
USW00024233,2022,5,60.2679632616488,69.06367613927296,51.70544802867386,1.5796609878353338,RandomForestRegressor
USW00024233,2022,6,65.75924412045131,75.1407258947332,56.65262602185846,0.7437485854123499,RandomForestRegressor
USW00024233,2022,7,67.39901612903226,77.61003942652322,57.40172759856631,0.7022977621597543,RandomForestRegressor
USW00024233,2022,8,63.28381182795706,73.209605734767,54.063641577061105,1.1424208278441885,RandomForestRegressor
USW00024233,2022,9,53.33256093189969,60.976222222222326,46.07357706093196,3.530801196970947,RandomForestRegressor
USW00024233,2022,10,44.27308243727597,51.86988172043003,36.43037992831543,2.587773222349039,RandomForestRegressor
USW00024233,2022,11,39.01420545314904,44.73835714285712,33.41748975934463,3.7684821224405507,RandomForestRegressor
USW00024233,2022,12,38.04117213570633,43.84921711955083,32.18025451559939,4.108707429659033,RandomForestRegressor
USW00024233,2023,1,40.69776212987977,46.66784363578575,34.66061986863711,3.5415310402426012,RandomForestRegressor
USW00024233,2023,2,46.25001206808279,53.332190511503164,39.397462047777964,3.483238441453275,RandomForestRegressor
USW00024233,2023,3,50.26822580645158,58.09286379928308,42.36569892473116,3.058232281055619,RandomForestRegressor
USW00024233,2023,4,55.09118279569905,63.382469534050095,46.73297132616492,2.0133056381811385,RandomForestRegressor
USW00024233,2023,5,65.79763620071684,75.75238351254471,56.54239426523294,1.4109605479392735,RandomForestRegressor
USW00024233,2023,6,66.95938888888888,77.26862007168455,57.064566308243705,0.7032579010948878,RandomForestRegressor
USW00024233,2023,7,67.81425806451608,78.45823655913979,57.61845519713262,0.6486968653929941,RandomForestRegressor
USW00024233,2023,8,62.77784408602155,72.39151254480282,54.02382078853059,1.3097546305977463,RandomForestRegressor
USW00024233,2023,9,52.89758064516124,59.79664874551974,46.295620071684645,3.641065525710155,RandomForestRegressor
USW00024233,2023,10,46.074437275985616,51.82624372759858,40.12234050179217,5.258171710168748,RandomForestRegressor
USW00024233,2023,11,39.195763952893,44.78347081413214,33.62799231950848,4.298334217210887,RandomForestRegressor
USW00024233,2023,12,42.70382213040948,48.029413687165636,37.5985865335381,5.101152949026597,RandomForestRegressor
USW00024233,2024,1,42.704637361618744,48.29114253932939,37.04058106891254,4.1052853589887395,RandomForestRegressor
USW00024233,2024,2,46.38163752493957,53.37817890248431,39.78725807334429,3.686080811411342,RandomForestRegressor
USW00024233,2024,3,49.9171541218638,57.623713261648675,42.22867025089615,2.5791979789055097,RandomForestRegressor
USW00024233,2024,4,55.63064336917574,63.55989247311821,47.60828315412189,2.1000315297715146,RandomForestRegressor
USW00024233,2024,5,61.239248455073536,70.0348867966171,52.294966488338126,1.8076725815733556,RandomForestRegressor
USW00024233,2024,6,65.6998566308244,75.2565734767025,56.212885304659515,0.6114262125608827,RandomForestRegressor
USW00024233,2024,7,68.53104749103947,79.09672759856622,58.0415860215054,0.8696002923458395,RandomForestRegressor
USW00024233,2024,8,61.73389964157707,70.57482795698921,53.030795698924784,1.4538574676768128,RandomForestRegressor
USW00024233,2024,9,52.15955197132614,58.74931182795705,45.71811827956991,3.2340437539569082,RandomForestRegressor
USW00024233,2024,10,45.08897311827947,50.443817204301126,39.579978494623674,6.158631168020294,RandomForestRegressor
USW00024233,2024,11,42.2077982590886,46.993012032770096,37.43597439836154,5.508969201529833,RandomForestRegressor
USW00093134,2021,1,58.40349591256598,67.60396279817076,49.07179683775632,2.549132365259681,RandomForestRegressor
USW00093134,2021,2,62.81257318978759,72.05839830852625,53.52821517735758,0.7941693170458176,RandomForestRegressor
USW00093134,2021,3,62.292032187439325,71.10355594399428,53.35012363825777,0.9127054916195406,RandomForestRegressor
USW00093134,2021,4,66.34669866871477,74.51506246799802,58.09332667690726,0.3726088176688596,RandomForestRegressor
USW00093134,2021,5,71.1812580645162,79.7203978494624,62.650788530465896,0.06929728144641221,RandomForestRegressor
USW00093134,2021,6,74.46090322580639,83.6138924731183,65.28903225806447,0.06637131125206626,RandomForestRegressor
USW00093134,2021,7,75.7291953405018,84.93251612903218,66.49320788530456,0.1853209750588505,RandomForestRegressor
USW00093134,2021,8,72.08446774193551,81.7803440860217,62.31438709677421,0.31614887339023917,RandomForestRegressor
USW00093134,2021,9,68.29649641577058,77.7390967741936,58.67082437275984,0.5530221352697439,RandomForestRegressor
USW00093134,2021,10,60.20865066564262,70.42730286738355,50.490560931899694,0.898036359184664,RandomForestRegressor
USW00093134,2021,11,58.9391165051115,69.02735807864121,48.79216894432964,1.208241094958524,RandomForestRegressor
USW00093134,2021,12,56.3154399156029,65.30097672016517,47.176872803997476,2.29070719642279,RandomForestRegressor
USW00093134,2022,1,59.56321659427587,69.4083268093296,49.64771284672557,1.430941356846845,RandomForestRegressor
USW00093134,2022,2,61.778441681233126,71.34403493299433,52.157690970567,0.9362283184746621,RandomForestRegressor
USW00093134,2022,3,63.31837685611879,71.98464490527407,54.47890348182291,0.5304230417060891,RandomForestRegressor
USW00093134,2022,4,66.9882258064516,75.0159247311828,58.82580645161293,0.2326074534552447,RandomForestRegressor
USW00093134,2022,5,69.11549001536099,77.2267301587302,60.96124219150024,0.0907342022583888,RandomForestRegressor
USW00093134,2022,6,73.85713799283154,82.81284587813614,64.75696774193543,0.1073242326744275,RandomForestRegressor
USW00093134,2022,7,74.36280645161288,83.5161362007168,65.05435842293902,0.07121632378762606,RandomForestRegressor
USW00093134,2022,8,73.77333691756274,83.45870609319014,63.99159498207875,0.12262302770396274,RandomForestRegressor
USW00093134,2022,9,72.26945161290334,81.8881039426523,62.59047311827956,0.5363979208627466,RandomForestRegressor
USW00093134,2022,10,63.12389600879288,73.0375624238572,53.16093575754364,0.8497468127264228,RandomForestRegressor
USW00093134,2022,11,57.175746949873734,66.73494882320743,47.52282130056324,1.8380392992963415,RandomForestRegressor
USW00093134,2022,12,59.863121678408156,69.93265620530758,49.71805642954253,1.6616121305337155,RandomForestRegressor
USW00093134,2023,1,57.623697260624745,66.3807761357416,48.760467212246446,2.569643992058072,RandomForestRegressor
USW00093134,2023,2,60.596993489238486,69.35132312799048,51.70964797747061,2.1542630931743108,RandomForestRegressor
USW00093134,2023,3,60.32981962762853,68.90043236753358,51.75445419955161,1.7919744957903891,RandomForestRegressor
USW00093134,2023,4,65.20554851510495,73.45691833077312,56.853494111623135,0.5719347703035317,RandomForestRegressor
USW00093134,2023,5,68.61265029044617,76.37324355986367,60.70315136748063,0.2046287114708956,RandomForestRegressor
USW00093134,2023,6,72.52459636368452,81.24924056712044,63.84658561541037,0.189063607230054,RandomForestRegressor
USW00093134,2023,7,74.78865591397862,84.17005734767034,65.30811111111112,0.3400118820329569,RandomForestRegressor
USW00093134,2023,8,69.37986738351256,78.75030107526895,59.91153046594984,0.8736909151691931,RandomForestRegressor
USW00093134,2023,9,68.59313082437272,77.57000716845886,59.57734050179209,1.0542327673333514,RandomForestRegressor
USW00093134,2023,10,64.22366129032262,73.81374910394264,54.44690681003586,0.9091407458150871,RandomForestRegressor
USW00093134,2023,11,57.907907719335384,67.92038709677428,47.77016476861418,1.4496368913397308,RandomForestRegressor
USW00093134,2023,12,60.375520207638125,69.99914284831469,50.648107756413694,1.3403912700950575,RandomForestRegressor
USW00093134,2024,1,59.44961511467768,68.9005710048201,49.87367021558344,2.0509520869063462,RandomForestRegressor
USW00093134,2024,2,60.31665083779159,68.77850378727682,51.715194590108986,1.9405883007492732,RandomForestRegressor
USW00093134,2024,3,61.620498591909964,70.14933640553,52.90780312339994,1.087159534370684,RandomForestRegressor
USW00093134,2024,4,65.157216845878,73.09156272401448,57.00400716845875,0.7336053010552981,RandomForestRegressor
USW00093134,2024,5,68.19207690643921,75.98256878012614,60.19904183660847,0.22228445480727235,RandomForestRegressor
USW00093134,2024,6,72.31704249871989,80.90771249359958,63.692321044546865,0.21203178351285512,RandomForestRegressor
USW00093134,2024,7,74.54934050179222,84.23139784946243,64.74406810035845,0.18491031754579204,RandomForestRegressor
USW00093134,2024,8,70.6652992831541,80.799035842294,60.40364516129032,0.3235884922830779,RandomForestRegressor
USW00093134,2024,9,68.78407526881722,78.21559856630826,59.14987813620071,0.48991438583749125,RandomForestRegressor
USW00093134,2024,10,63.327450716845924,73.31782974910394,53.19520071684587,0.9018441241102029,RandomForestRegressor
USW00093134,2024,11,58.89842997951871,69.88358474142355,47.81641295442907,0.8401018350281736,RandomForestRegressor
USW00094789,2021,1,34.09383580962974,40.7675556173526,27.325090047142336,2.640435966425171,RandomForestRegressor
USW00094789,2021,2,42.954724014336925,50.503738351254455,35.46796774193546,3.619896082533498,RandomForestRegressor
USW00094789,2021,3,50.43993189964153,58.346225806451535,42.4876917562724,3.455300145491928,RandomForestRegressor
USW00094789,2021,4,59.79872067729574,67.97403707823501,51.76056556667897,3.355697150792475,RandomForestRegressor
USW00094789,2021,5,69.50833691756273,77.8268136200717,61.19629032258063,3.6021066379632884,RandomForestRegressor
USW00094789,2021,6,77.56070609318978,85.36586021505374,69.98167741935481,2.938105096561684,RandomForestRegressor
USW00094789,2021,7,75.37298028673835,82.72206810035838,68.12150896057358,3.091106132078628,RandomForestRegressor
USW00094789,2021,8,69.54829928315412,76.68458064516145,62.39464874551976,3.455372961564714,RandomForestRegressor
USW00094789,2021,9,59.627654121863706,67.14078853046591,52.00943369175624,3.50309300424221,RandomForestRegressor
USW00094789,2021,10,48.24110611879168,55.56154889912955,40.43922606246808,2.176543676350599,RandomForestRegressor
USW00094789,2021,11,35.90513440860214,41.9262186379928,29.324351254480266,2.3818663196371452,RandomForestRegressor
USW00094789,2021,12,34.07842907463319,40.64818568250438,27.210593384183536,3.054006369671726,RandomForestRegressor
USW00094789,2022,1,31.668079082578526,38.78378793897984,24.34788256793264,2.2829923958633493,RandomForestRegressor
USW00094789,2022,2,41.03010752688175,48.99561443932401,33.14513824884789,3.0897492461863427,RandomForestRegressor
USW00094789,2022,3,51.34861648745521,59.4749605734767,43.194741935483904,3.550862773295766,RandomForestRegressor
USW00094789,2022,4,60.03489823348698,68.24190143369175,52.12667690732206,3.4468618780909765,RandomForestRegressor
USW00094789,2022,5,70.18499103942652,77.9058673835126,62.50055913978499,3.999876264641493,RandomForestRegressor
USW00094789,2022,6,75.63520627858108,83.34751674700291,67.94971301446061,3.520198699115876,RandomForestRegressor
USW00094789,2022,7,75.61021146953408,83.03079569892468,68.33436559139781,3.312617519478799,RandomForestRegressor
USW00094789,2022,8,71.20913261648742,79.0096236559141,63.44955555555556,2.561169661341746,RandomForestRegressor
USW00094789,2022,9,59.66463978494623,67.36363440860208,51.884028673835054,3.234074753679986,RandomForestRegressor
USW00094789,2022,10,49.24592293906811,56.31092114695338,41.8707204301075,2.7072061399981293,RandomForestRegressor
USW00094789,2022,11,39.07771684587813,45.6173691756273,32.17250537634404,2.6750708637643523,RandomForestRegressor
USW00094789,2022,12,29.043871232586504,35.78285886434662,21.89139679008422,2.3562877107099065,RandomForestRegressor
USW00094789,2023,1,41.534036694210485,48.366851263308384,34.69994438264736,2.584370474695062,RandomForestRegressor
USW00094789,2023,2,44.0061602662571,51.93759216589848,36.05856861239116,3.0324599033971023,RandomForestRegressor
USW00094789,2023,3,51.74911827956986,59.864921146953385,43.62325806451612,3.89852456916657,RandomForestRegressor
USW00094789,2023,4,60.050607526881755,68.38317204301062,51.99294623655909,3.06501468583883,RandomForestRegressor
USW00094789,2023,5,70.79719713261647,79.36812416794669,62.25839324116737,3.004445504867365,RandomForestRegressor
USW00094789,2023,6,74.20087122375823,82.63598349135724,65.77733662623373,2.2998130377037627,RandomForestRegressor
USW00094789,2023,7,75.73281720430116,83.32097849462373,68.43362007168463,2.6672305266372787,RandomForestRegressor
USW00094789,2023,8,68.52573476702514,76.16183512544808,60.83314695340505,3.0655645140893983,RandomForestRegressor
USW00094789,2023,9,56.47373118279561,63.76534408602159,48.95760573476712,2.809248508048327,RandomForestRegressor
USW00094789,2023,10,46.44855376344091,53.5724301075269,38.909326164874635,2.390589001889516,RandomForestRegressor
USW00094789,2023,11,35.663833333333315,41.88697132616482,29.011272401433672,2.7636280551752557,RandomForestRegressor
USW00094789,2023,12,34.39847957165813,40.79337481681584,27.69458000953442,3.0859679030903546,RandomForestRegressor
USW00094789,2024,1,33.21947348906188,40.12369246252454,26.07921553048356,2.675209276070658,RandomForestRegressor
USW00094789,2024,2,44.38651331285207,52.18851075268804,36.82838684075777,3.2735358718232463,RandomForestRegressor
USW00094789,2024,3,50.84204633896569,58.74921838197644,43.0958855606759,3.1157789802132396,RandomForestRegressor
USW00094789,2024,4,60.171350742447586,68.6996932923707,52.06432514080903,2.4230953234601,RandomForestRegressor
USW00094789,2024,5,70.44895340501789,78.76231899641571,62.252799283154104,2.839011540213981,RandomForestRegressor
USW00094789,2024,6,76.50343958013308,84.48445417306716,68.62556630824373,2.7799233262622938,RandomForestRegressor
USW00094789,2024,7,76.39177956989258,84.01641577060941,69.09140143369177,2.6700993288857515,RandomForestRegressor
USW00094789,2024,8,69.1725537634409,76.54749103942657,61.68267025089607,3.2740063601799876,RandomForestRegressor
USW00094789,2024,9,58.92718996415766,66.31136917562728,51.31322580645164,3.099087942980369,RandomForestRegressor
USW00094789,2024,10,48.67157795698923,56.80154838709671,40.32056093189966,2.1964670110236306,RandomForestRegressor
USW00094789,2024,11,43.09778571428571,50.355447772657485,35.61271479774706,2.661392095239279,RandomForestRegressor
USW00094846,2021,1,30.98293513957311,38.1387745643307,23.674605116796464,1.9796365669543041,RandomForestRegressor
USW00094846,2021,2,37.86057716245561,46.11818753641609,29.557240319932202,2.5321526861455217,RandomForestRegressor
USW00094846,2021,3,49.685820788530435,59.75911469534046,39.49330824372761,3.3244884623124653,RandomForestRegressor
USW00094846,2021,4,60.60103744901752,70.87922296378687,50.147575330614245,3.6226109201884276,RandomForestRegressor
USW00094846,2021,5,70.37353763440855,81.54062365591402,59.10329032258066,2.096163621149019,RandomForestRegressor
USW00094846,2021,6,76.31059498207885,85.29204659498207,67.33119354838713,3.257653340848113,RandomForestRegressor
USW00094846,2021,7,75.80126344086018,83.81806451612908,67.78527956989245,2.9141683274388503,RandomForestRegressor
USW00094846,2021,8,68.13712186379931,76.93306093189973,59.33639068100363,2.364529722849801,RandomForestRegressor
USW00094846,2021,9,59.01885842293908,67.07234408602145,50.7221397849462,2.8632177054571426,RandomForestRegressor
USW00094846,2021,10,45.15116167434715,52.16006502816177,37.705466205837205,2.3337330646491012,RandomForestRegressor
USW00094846,2021,11,31.032868703321178,37.55292224164417,24.140260527570312,2.212750235124877,RandomForestRegressor
USW00094846,2021,12,28.04783866995076,35.21525623708884,20.667316860003183,2.2652592138003604,RandomForestRegressor
USW00094846,2022,1,27.813994120451323,35.26493140526512,19.977770935960596,1.8585687973828955,RandomForestRegressor
USW00094846,2022,2,37.0637501235941,45.49993096385755,28.56308771651045,2.20008722338662,RandomForestRegressor
USW00094846,2022,3,49.20099283154112,58.48093189964155,39.991810035842285,3.8860685648803535,RandomForestRegressor
USW00094846,2022,4,59.49209831029188,69.04643830005116,49.88796057347667,3.833045997196562,RandomForestRegressor
USW00094846,2022,5,70.01026420890936,79.16972043010753,60.97019354838706,3.2629170526302,RandomForestRegressor
USW00094846,2022,6,75.02748207885307,84.113340501792,65.89554838709674,4.158127773334462,RandomForestRegressor
USW00094846,2022,7,74.39275268817201,82.68163082437266,66.18670609319007,3.607882745327534,RandomForestRegressor
USW00094846,2022,8,66.42078853046594,75.47844086021523,57.31617204301081,2.8623664550917796,RandomForestRegressor
USW00094846,2022,9,56.235560931899705,64.34337634408594,47.981863799283154,2.825383008369323,RandomForestRegressor
USW00094846,2022,10,42.58099820788532,50.13912621607776,34.63997107014848,2.3140471254189605,RandomForestRegressor
USW00094846,2022,11,31.901900409626208,38.772334357398925,24.68539989759348,2.5908725277105753,RandomForestRegressor
USW00094846,2022,12,27.069811920652587,34.53876142804175,19.386860082631515,2.1519092419623864,RandomForestRegressor
USW00094846,2023,1,33.175127191588565,40.85026179882409,25.38884395359927,1.769543179261113,RandomForestRegressor
USW00094846,2023,2,41.00168970814138,49.6952025089605,32.569212749616014,2.7678691917141176,RandomForestRegressor
USW00094846,2023,3,50.5227777777777,59.59199999999997,41.32388888888894,3.728872489878865,RandomForestRegressor
USW00094846,2023,4,59.94715002560172,69.51225960061447,50.1734792626728,3.5020326547670533,RandomForestRegressor
USW00094846,2023,5,70.76494982078853,81.07667025089603,60.51185663082439,1.985143359416157,RandomForestRegressor
USW00094846,2023,6,74.94160035842293,84.12087813620053,65.6342186379928,3.8271783938833828,RandomForestRegressor
USW00094846,2023,7,74.90819713261646,83.36958781362,66.64293906810045,3.1588616643136653,RandomForestRegressor
USW00094846,2023,8,66.49500537634407,75.52051971326183,57.42335125448033,2.4543565106587466,RandomForestRegressor
USW00094846,2023,9,56.69276523297493,64.79596774193546,48.33292473118283,2.8012914497015604,RandomForestRegressor
USW00094846,2023,10,45.85876881720436,53.065767025089556,38.270982078853095,2.416241867970311,RandomForestRegressor
USW00094846,2023,11,32.39652534562212,39.17092601126478,25.312571428571463,2.6789513075440174,RandomForestRegressor
USW00094846,2023,12,32.85952939332947,39.41674454861666,26.01301567879657,2.664218967693487,RandomForestRegressor
USW00094846,2024,1,30.200314238042324,37.429743895333445,22.70727726574503,2.1803513281250115,RandomForestRegressor
USW00094846,2024,2,40.95594290834617,49.92713620071676,32.034906041986694,2.5810194897094783,RandomForestRegressor
USW00094846,2024,3,50.33843727598557,58.72066666666656,41.856154121863824,3.7317854830452983,RandomForestRegressor
USW00094846,2024,4,60.62424014336923,69.1925806451613,52.012039426523316,3.5016919002476863,RandomForestRegressor
USW00094846,2024,5,70.40852701855677,80.28068185991492,60.373217419707956,2.3955433201925356,RandomForestRegressor
USW00094846,2024,6,76.35643369175632,85.16466308243727,67.58040860215053,3.2522129213371977,RandomForestRegressor
USW00094846,2024,7,74.52775089605727,82.78681362007168,66.27523655913987,3.2650963619203024,RandomForestRegressor
USW00094846,2024,8,66.45154838709678,75.4059426523299,57.404046594982134,2.747181631038547,RandomForestRegressor
USW00094846,2024,9,61.23847132616486,69.59544802867374,52.725591397849385,3.104997751686878,RandomForestRegressor
USW00094846,2024,10,46.107061827957025,54.15921505376339,37.760603942652374,1.9347567892285582,RandomForestRegressor
USW00094846,2024,11,38.438463716298536,44.61653105743597,31.928952186733003,3.2031605048408682,RandomForestRegressor
